,공시일,기업공시코드,처분예정금액(보통주식),처분예정금액(기타주식),처분시작일,처분종료일,처분목적,처분방법
0,2019-01-15,A003610,"504,000,000",-,2019년 01월 16일,2019년 01월 17일, 임직원에게 특별격려금을  자기주식으로 지급,시장을 통한 매도(주)
1,2019-01-18,A012610,"35,400,000",-,2019년 01월 18일,2019년 01월 18일,주식매수선택권 행사에 따른 자기주식 교부,시장을 통한 매도(주)
2,2019-01-23,A078520,"3,010,376,750",-,2019년 02월 28일,2019년 02월 28일,주식회사 제아에이치앤비 주식 양수 관련 양수대금의 일부를 자기주식으로 지급,시장을 통한 매도(주)
3,2019-01-28,A010040,"6,100,800,000",-,2019년 01월 29일,2019년 01월 29일,재무건전성 강화,시장을 통한 매도(주)
4,2019-01-31,A006800,"6,808,112,377",-,2019년 02월 01일,2019년 04월 30일,성과보상 이연지급 대상자에 대한 자기주식 교부,시장을 통한 매도(주)
5,2019-02-01,A194370,"100,035,000",-,2019년 02월 07일,2019년 02월 15일,주요임직원 16명에 대해 성과급으로 자기주식 지급(교부),시장을 통한 매도(주)
6,2019-02-08,A000990,"199,998,050",-,2019.02.09,2019.05.08,종업원 상여,시장을 통한 매도(주)
7,2019-02-12,A025620,"2,952,000,000",-,2019년 02월 13일,2019년 02월 13일,유동성 및 투자재원 확보,시장을 통한 매도(주)
8,2019-02-13,A092200,"386,610,000",-,2019년 02월 13일,2019년 02월 14일,주식매수선택권 행사에 따른 자기주식 교부,시장을 통한 매도(주)
9,2019-02-13,A008060,-,"2,451,820",2019년 02월 14일,2019년 02월 28일,합병시 단주처리 과정에서 취득한 자기주식의 처분,시장을 통한 매도(주)
10,2019-02-13,A012610,"82,000,000",-,2019년 02월 13일,2019년 02월 13일,주식매수선택권 행사에 따른 자기주식 교부,시장을 통한 매도(주)
11,2019-02-14,A019490,"149,129,000",-,2019년 02월 15일,2019년 02월 22일,본사 통합후 경영 조기 정착 및 임직원비젼 공유를 통한 경영목표달성을 위한 임직원 포상(상여)지급,시장을 통한 매도(주)
12,2019-02-18,A012610,"46,600,000",-,2019년 02월 18일,2019년 02월 18일,주식매수선택권 행사에 따른 자기주식 교부,시장을 통한 매도(주)
13,2019-02-19,A044450,"489,665,400",-,2019년 02월 20일,2019년 02월 28일,임직원 성과급 지급(희망자에 한해서 성과배당금 중 일부를 현금대신 자사주로 지급하기 위함임),시장을 통한 매도(주)
14,2019-02-26,A084670,"30,525,400",-,2019년 03월 27일,2019년 05월 27일,2018년 주식배당 / 2018년 무상증자로 취득한 단주 처분,시장을 통한 매도(주)
15,2019-02-26,A003530,"78,335,565",-,2019.02.27,2019.03.27,성과보상 이연지급대상자에 대한자기주식 교부,시장을 통한 매도(주)
16,2019-02-27,A010040,"3,500,010,000",-,2019년 02월 28일,2019년 02월 28일,재무건전성 강화,시장을 통한 매도(주)
17,2019-03-06,A021240,"668,571,800",-,2019년 03월 08일,2019년 03월 29일,주식매수선택권 행사에 따른 자기 주식 교부,시장을 통한 매도(주)
18,2019-03-07,A002390,"4,610,022,900",-,2019년 03월 11일,2019년 04월 03일,주식매수청구권 행사로 취득한자기주식의 처분,시장을 통한 매도(주)
19,2019-03-12,A194370,"168,000,000",-,2019년 03월 18일,2019년 03월 22일,주식매수선택권 행사에 따른 자기주식 교부,시장을 통한 매도(주)
20,2019-03-27,A001720,"289,966,934",-,2019년 03월 29일,2019년 03월 29일,성과보상 지급 대상자에 대한자기주식 교부,시장을 통한 매도(주)
21,2019-03-29,A000700,"160,292,640",-,2019년 04월 01일,2019년 05월 28일,2014년 6월 (주)한진해운과 (주)한진해운홀딩스 분할합병시 등 반대주주의 주식매수청구권 행사로 취득(2014.05.29)한 자기주식의 처분기한(5년)이 도래함에 따라 처분,시장을 통한 매도(주)
22,2019-04-02,A008040,"10,955,000,000",-,2019.04.03,2019.07.02,주식매수청구권 행사로 취득한 자기주식의 처분 및 재무구조개선,시장을 통한 매도(주)
23,2019-04-08,A194370,"224,000,000",-,2019년 04월 09일,2019년 04월 30일,주식매수선택권 행사에 따른 자기주식 교부,시장을 통한 매도(주)
24,2019-04-09,A012610,"26,282,880",-,2019년 04월 09일,2019년 04월 09일,주식매수선택권 행사에 따른 자기주식 교부,시장을 통한 매도(주)
25,2019-04-12,A019490,"1,000,000,000",-,2019년 04월 19일,2019년 04월 19일,자기주식을 교환대상으로 하는 사모 교환사채 발행,시장을 통한 매도(주)
26,2019-04-16,A012610,"57,793,320",-,2019년 04월 16일,2019년 04월 16일,주식매수선택권 행사에 따른 자기주식 교부,시장을 통한 매도(주)
27,2019-04-22,A024070,"2,706,000",-,2019년 04월 23일,2019년 07월 23일,주식배당시 단주처리 과정에서 취득한 자기주식의 처분,시장을 통한 매도(주)
28,2019-04-23,A012610,"37,983,660",-,2019년 04월 23일,2019년 04월 23일,주식매수선택권 행사에 따른 자기주식 교부,시장을 통한 매도(주)
29,2019-04-24,A008040,"9,096,000,000",-,2019년 04월 25일,2019년 04월 30일,자기주식의 처분을 통한 재무구조개선,시장을 통한 매도(주)
30,2019-04-24,A019680, - ,"750,583,315 ",2019년 04월 25일,2019년 05월 31일,2018년 우수구성원 영업성과에 따른 자사주 지급,시장을 통한 매도(주)
31,2019-04-29,A002840,"36,674,100",-,2019년 04월 30일,2019년 04월 30일,무상증자시 발생한 단주 주식 우리사주조합에 매각,시장을 통한 매도(주)
32,2019-04-29,A001040,"244,062,397,950",-,2019년 12월 27일,2019년 12월 27일,씨제이올리브네트웍스(주)와 주식의포괄적 교환을 통하여 씨제이올리브네트웍스(주)를 씨제이(주)의 완전자회사(주식100% 취득)로 편입하기 위함. 상법 제360조의2에 의거 주식의 포괄적 교환의 대가로 신주 발행에 갈음하여 씨제이(주)의 자기주식을 교부할 예정임.,시장을 통한 매도(주)
33,2019-04-29,A021240,"1,508,000,000",-,2019년 04월 30일,2019년 05월 30일,주식매수선택권 행사에 따른 자기 주식 교부,시장을 통한 매도(주)
34,2019-05-08,A030200,"116,064,000",-,2019년 05월 09일,2019년 08월 08일,2018년도 사외이사 주식보상 지급을 위한 자기주식 처분,시장을 통한 매도(주)
35,2019-05-13,A012610,"16,530,120",-,2019년 05월 13일,2019년 05월 13일,주식매수선택권 행사에 따른 자기주식 교부,시장을 통한 매도(주)
36,2019-05-14,A012610,"318,204,580",-,2019년 05월 14일,2019년 05월 14일,주식매수선택권 행사에 따른 자기주식 교부,시장을 통한 매도(주)
37,2019-05-17,A009460,"4,178,400,000",-,2019년 05월 20일,2019년 05월 20일,재무건전성 강화,시장을 통한 매도(주)
38,2019-05-29,A000910,"3,715,342,860",-,2019년 05월 30일,2019년 05월 30일,유동자금확보,시장을 통한 매도(주)
39,2019-05-30,A047400," 9,401,415,300 ",- ,2019년 05월 31일,2019년 06월 30일,운영자금조달,시장을 통한 매도(주)
40,2019-06-14,A008060,"16,905,000",-,2019년 06월 14일,2019년 06월 28일,무상수증 자기주식 임직원 지급,시장을 통한 매도(주)
41,2019-06-18,A023450,"9,636,000 ",- ,2019년 06월 19일,2019년 09월 18일,우리사주조합에 매각,시장을 통한 매도(주)
42,2019-06-27,A005940,"3,640,013,600",-,2019년 06월 28일,2019년 06월 28일,사내복지근로기금 출연,시장을 통한 매도(주)
43,2019-07-05,A306200,"254,568,300",-,2019년 07월 08일,2019년 07월 08일,유동성 확보,시장을 통한 매도(주)
44,2019-07-08,A012610,"77,133,420",-,2019년 07월 08일,2019년 07월 08일,주식매수선택권 행사에 따른 자기주식 교부,시장을 통한 매도(주)
45,2019-07-09,A012610,"21,756,200",-,2019년 07월 09일,2019년 07월 09일,주식매수선택권 행사에 따른 자기주식 교부,시장을 통한 매도(주)
46,2019-07-17,A005360,"1,386,700,000 ",- ,2019년 07월 18일,2019년 08월 17일,유동자금 및 투자자금 확보,시장을 통한 매도(주)
47,2019-07-22,A019680, - ,"44,796,730",2019년 07월 24일,2019년 07월 24일,2019년 교학상장 AWARD 대상자자사주 포상 지급,시장을 통한 매도(주)
48,2019-07-22,A128820,"10,000,000,000",-,2019년 07월 24일,2019년 07월 24일,자기주식을 교환대상으로 하는교환사채 발행,시장을 통한 매도(주)
49,2019-07-31,A002700,"1,368,000,000",0,2019년 08월 22일,2019년 08월 22일,우리사주조합 무상출연,시장을 통한 매도(주)
50,2019-07-31,A000220,"112,962,000",-,2019년 08월 01일,2019년 08월 02일,당사의 성장 및 동기부여를 위해 스탁그랜트를 부여,시장을 통한 매도(주)
51,2019-08-02,A000520,"5,000,000,000",-,2019년 08월 12일,2019년 08월 12일,자기주식을 교환대상으로 하는 사모 교환사채 발행,시장을 통한 매도(주)
52,2019-08-07,A030200,"2,584,153,800",-,2019년 08월 07일,2019년 11월 06일,2018년 임원 장기성과급 지급을 위한자기주식 처분,시장을 통한 매도(주)
53,2019-08-07,A000500,"1,369,510,820",-,2019.10.15,2019.10.15,(주)모보와 주식교환방식에 의하여 (주)모보를 완전자회사(주식 100% 취득)로 편입하기 위함. 상법 제360조의2에 의거 주식교환의 대가로 신주발행에 갈음하여 회사의 자기주식을 교부할 예정임.,시장을 통한 매도(주)
54,2019-08-20,A000070,"169,636,800",-,2019.08.21,2019.11.21,2014년 11월 28일 (주)삼양홀딩스와(주)삼양엔텍 합병시 주식매수청구권행사에 의하여 취득한 자기주식의 처분 ,시장을 통한 매도(주)
55,2019-08-21,A090080,"207,728,780",-,2019년 08월 22일,2019년 08월 22일,2014년 4월 (주)파브코 흡수합병  반대주주의 주식매수청구권 행사로 취득(2014.04.11)한 자기주식의 처분기한(5년)이 도래함에 따라 처분,시장을 통한 매도(주)
56,2019-08-22,A145990,"297,600",-,2019년 08월 23일,2019년 10월 22일,1) 2014년 11월 (주)삼양사가 (주)삼양밀맥스를 흡수합병시 반대하여 주식매수청구권을 행사한 주주의 주식을 (주)삼양사가 취득2) (주)삼양사가 취득한 자기주식의 기한내 처분 (자본시장법 165조의 5) ,시장을 통한 매도(주)
57,2019-08-29,A005360,"2,151,450,000 ",- ,2019년 08월 30일,2019년 09월 29일, 차입금 상환 및 재무구조 개선,시장을 통한 매도(주)
58,2019-09-09,A011930,"15,450,000,000",-,2019년 09월 09일,2019년 10월 04일,재무 건전성 및 주식 유동성 개선,시장을 통한 매도(주)
59,2019-09-10,A008060,"12,288,000",-,2019년 09월 10일,2019년 09월 11일,무상수증 자기주식 임직원 지급,시장을 통한 매도(주)
60,2019-09-10,A010660,"5,566,000,000",-,2019.09.11,2019.12.10,운전자금 및 시설투자 재원 확보,시장을 통한 매도(주)
61,2019-09-20,A012600,"999,999,000",-,2019년 09월 20일,2019년 09월 25일,운영자금 및 자본확충을 통한 재무구조개선,시장을 통한 매도(주)
62,2019-09-23,A004270,"3,876,000,000",-,2019년 09월 24일,2019년 09월 24일,유통주식 공급물량 증대를 통한 주식거래 활성화,시장을 통한 매도(주)
63,2019-10-01,A064960,"27,745,961,250",-,2019년 10월 02일,2019년 10월 02일,유통주식수 확대를 통한 시장안정화 및 기관투자자 참여에 따른주주가치 재고,시장을 통한 매도(주)
64,2019-10-08,A001380,"2,133,637,110",-,2019년 10월 23일,2019년 10월 23일,타법인 주식 취득에 따른 주식양수대금을 자기주식으로 지급(주식SWAP),시장을 통한 매도(주)
65,2019-10-10,A008060,"19,542,460,200",-,2019년 10월 11일,2019년 10월 18일,무상수증 자기주식 임직원 지급,시장을 통한 매도(주)
66,2019-10-17,A003120,"15,903,000,000",-,2019년 10월 18일,2019년 10월 18일,유통주식수 확대를 통한 시장안정화  ,시장을 통한 매도(주)
67,2019-10-22,A034830,"1,999,998,855",-,2019년 10월 23일,2019년 11월 22일,종업원에 대한 자기주식 교부,시장을 통한 매도(주)
68,2019-10-23,A019490,"700,000,000",-,2019년 10월 25일,2019년 10월 25일,자기주식을 교환대상으로 하는 사모 교환사채 발행,시장을 통한 매도(주)
69,2019-10-24,A012330,"8,767,920,000",-,2019년 10월 25일,2020년 01월 24일,우리사주조합에 자기주식 출연,시장을 통한 매도(주)
70,2019-10-24,A005380,"94,207,575,000",-,2019년 11월 29일,2019년 11월 29일,우리사주조합에 자기주식 출연,시장을 통한 매도(주)
71,2019-10-28,A017670,"300,000,213,620",-,2019년 11월 05일,2019년 11월 05일,"(주)카카오와의 전략적 제휴를 통한 협력 강화 목적으로 상법 제342조 자기주식의 처분에 의거, 당사 자기주식을 일부 매각하고자 함.",시장을 통한 매도(주)
72,2019-10-29,A053690,"435,000,000",-,2019년 10월 30일,2019년 11월 30일,사내근로복지기금 주식으로 출연,시장을 통한 매도(주)
73,2019-10-31,A058730,"387,370,000",-,2019년 10월 31일,2019년 10월 31일,"(주)제이에너지 주식 양수대금 지급 목적으로 상법 제342조 자기주식의 처분에 의거, 당사 자기주식을 일부 처분하고자 함 ",시장을 통한 매도(주)
74,2019-11-05,A010960,"3,025,050,000",-,2019년 11월 06일,2020년 02월 04일,사회공헌을 위한 사회복지법인에의 무상출연,시장을 통한 매도(주)
75,2019-11-13,A105840,"9,550",-,2019년 11월 14일,2019년 12월 31일,자기주식을 대상으로 하는 교환사채의 발행(2018.09.19) 후 남은 수량 처분,시장을 통한 매도(주)
76,2019-11-28,A005940,"154,641,100","3,767,400",2019년 11월 29일,2019년 12월 30일,주식매수청구권 행사로 취득한 자기주식 및 단주 처분,시장을 통한 매도(주)
77,2019-12-05,A001790,"2,555,000,000",-,2019.12.06,2019.12.06,유통주식수 확대 및 재무구조 개선,시장을 통한 매도(주)
78,2019-12-09,A003540,"3,815,974,300",-,2019.12.30,2019.12.30,임직원 성과급 이연지급,시장을 통한 매도(주)
79,2019-12-13,A033780,"30,000,058,800",-,2019년 12월 16일,2019년 12월 20일,(사)담배인삼공제회 및 공영기업(주) 사내근로복지기금 출연,시장을 통한 매도(주)
80,2019-12-16,A007590,"648,970,920",-,2019.12.17,2019.12.18,임직원 상여금,시장을 통한 매도(주)
81,2019-12-18,A004080,"18,297,000",-,2019년 12월 19일,2019년 12월 26일,종업원에 대한 상여금 지급,시장을 통한 매도(주)
82,2019-12-20,A002320,"5,204,723,200",-,2019.12.23,2019.12.23,투자재원 확보 및 재무구조 개선,시장을 통한 매도(주)
83,2019-12-24,A002820,"805,999,190",-,2019년 12월 26일,2019년 12월 26일,우호적 투자자 유치에 따른 주주가치 제고 및 유동성 확보,시장을 통한 매도(주)
84,2019-12-26,A019490,"61,600,000",-,2019년 12월 27일,2019년 12월 30일,일부 임원의 급여를 자기주식으로 지급,시장을 통한 매도(주)
85,2019-12-27,A000220,"121,055,000",-,2020년 01월 02일,2020년 01월 03일,당사의 성장 및 동기부여를 위해 스탁그랜트를 부여,시장을 통한 매도(주)
86,2019-12-31,A021240,"7,714,290,000",-,2019년 12월 31일,2020년 01월 14일,주식매수선택권 행사에 따른 자기주식 교부,시장을 통한 매도(주)
87,2020-01-06,A003610,"192,272,040",-,2020년 01월 07일,2020년 01월 08일, 임직원에게 특별격려금을  자기주식으로 지급,시장을 통한 매도(주)
88,2020-01-14,A021050,"4,138,495,200",-,2020년 01월 15일,2020년 04월 15일, 운영자금 확보를 통한 재무구조개선,시장을 통한 매도(주)
89,2020-01-16,A192650,"155,150,000",-,2020년 01월 16일,2020년 01월 23일,주식매수선택권 행사에 따른 자기주식 처분,시장을 통한 매도(주)
90,2020-01-17,A192820," 1,056,951,200",-,2020년 01월 20일,2020년 01월 20일,임직원 성과보상,시장을 통한 매도(주)
91,2020-01-17,A044820," 249,665,400",-,2020년 01월 20일,2020년 01월 20일,임직원 성과 보상,시장을 통한 매도(주)
92,2020-01-20,A019680, - ,"75,967,850 ",2020년 01월 21일,2020년 01월 23일,2019년 교학상장 AWARD 대상자자사주 포상 지급,시장을 통한 매도(주)
93,2020-01-21,A055550,"601,593,038,832",-,2020년 01월 28일,2020년 01월 28일,"오렌지라이프생명보험 주식회사(이하 ""오렌지라이프"")와의 포괄적 주식교환에 대해 2020년 1월 10일 오렌지라이프 주주총회에서 포괄적 주식교환이 승인 결의됨에 따라 주식교환의 대가로 당사가 보유중인 자기주식을 처분하고자 합니다.",시장을 통한 매도(주)
94,2020-01-23,A021240,"3,395,000,000",-,2020년 01월 28일,2020년 02월 11일,주식매수선택권 행사에 따른 자기주식 교부,시장을 통한 매도(주)
95,2020-01-30,A006800,"1,599,825,936",-,2020년 01월 31일,2020년 04월 30일,성과보상 이연지급 대상자에 대한 자기주식 교부,시장을 통한 매도(주)
96,2020-02-05,A003070,"603,927,850",-,2020.02.06,-,임직원 격려금 지급,시장을 통한 매도(주)
97,2020-02-06,A138930,"103,093,700",-,2020년 02월 07일,2020년 05월 06일,(주)경남은행과 주식교환에 따라 취득한 자기주식 처분,시장을 통한 매도(주)
98,2020-02-07,A021240,"2,668,000,000",-,2020년 02월 10일,2020년 03월 02일,주식매수선택권 행사에 따른 자기주식 교부,시장을 통한 매도(주)
99,2020-02-10,A000990,"199,989,600",-,2020년 02월 10일,2020년 05월 08일,종업원 상여,시장을 통한 매도(주)
100,2020-02-14,A021240,"6,074,602,900",-,2020년 02월 17일,2020년 03월 04일,주식매수선택권 행사에 따른 자기주식 교부,시장을 통한 매도(주)
101,2020-02-14,A194370,"420,000,000",-,2020년 02월 21일,2020년 02월 28일,주식매수선택권 행사에 따른 자기주식 교부,시장을 통한 매도(주)
102,2020-02-24,A194370,"868,000,000",-,2020년 03월 02일,2020년 03월 06일,주식매수선택권 행사에 따른 자기주식 교부,시장을 통한 매도(주)
103,2020-02-26,A000370,"2,275",-,2020년 02월 27일,2020년 05월 26일,상법 제341조의2 제3호에 따른 단주 처분을 위해 취득한 자기주식의 처분,시장을 통한 매도(주)
104,2020-02-27,A268280,"823,412,000",-,2020년 02월 28일,2020년 05월 27일,우리사주조합에 매각,시장을 통한 매도(주)
105,2020-03-05,A011160,"14,038,377,280",-,2020년 03월 05일,2020년 03월 06일,"두산중공업㈜을 상대방으로 하는 주식의 포괄적 교환의 원활한 진행을 위하여, 당사가 보유하는 자기주식(주식의 포괄적 교환에 대한 반대주주의 주식매수청구권 행사로 인하여 당사가 취득한 자기주식을 포함)을 별도로 두산중공업㈜에 처분함",시장을 통한 매도(주)
106,2020-03-05,A075580,"248,837,000",-,2020년 03월 06일,2020년 03월 12일,직원 성과급 지급,시장을 통한 매도(주)
107,2020-03-23,A069620,"29,999,985,400",-,2020년 03월 24일,2020년 03월 24일, R&D 투자 및 자회사 한올바이오파마 주식회사의 지분취득 등,시장을 통한 매도(주)
108,2020-03-26,A021240,"5,533,394,300",-,2020년 04월 03일,2020년 04월 24일,주식매수선택권 행사에 따른 자기주식 교부,시장을 통한 매도(주)
109,2020-03-30,A001720,"390,755,958",-,2020년 03월 31일,2020년 03월 31일,성과보상 지급 대상자에 대한자기주식 교부,시장을 통한 매도(주)
110,2020-04-20,A002710,"1,839,400",-,2020년 04월 20일,2020년 04월 22일,제62기 주식배당에 따라 발생한 단수주 처리를 위하여 자기주식 처분,시장을 통한 매도(주)
111,2020-04-21,A001450,"16,670,726,600",-,2020년 04월 22일,2020년 04월 22일,2015년 5월 15일 현대하이카다이렉트손해보험(주) 영업양수 시 현대해상화재보험(주) 주주의 주식매수청구권행사에 의하여 취득한 자기주식의 처분,시장을 통한 매도(주)
112,2020-04-27,A019680, - ,"917,967,490 ",2020년 04월 29일,2020년 04월 29일,2019년 우수구성원 영업성과에 따른 자사주 포상,시장을 통한 매도(주)
113,2020-05-11,A009290,"9,525,000,000",-,2020년 05월 12일,2020년 05월 12일,유동성 및 투자재원 확보를 통한 기업가치 제고,시장을 통한 매도(주)
114,2020-05-12,A030200,"88,547,200",-,2020년 05월 13일,2020년 06월 12일,2019년도 사외이사 주식보상 지급을 위한 자기주식 처분,시장을 통한 매도(주)
115,2020-05-12,A000910,"3,298,400,000",-,2020년 05월 13일,2020년 05월 13일,유동자금확보,시장을 통한 매도(주)
116,2020-05-14,A000910,"1,473,300,000",-,2020년 05월 15일,2020년 05월 15일,유동자금확보,시장을 통한 매도(주)
117,2020-05-15,A008560,"42,640",-,2020년 05월 18일,2020년 06월 25일,주식매수청구권 행사로 취득한자기주식의 기한내 처분 (자본시장법165조의5),시장을 통한 매도(주)
118,2020-05-19,A007210,"297,920,000",-,2020년 05월 20일,2020년 05월 25일,임직원 격려금 지급,시장을 통한 매도(주)
119,2020-05-21,A163560,"14,086,030",-,2020년 05월 22일,2020년 06월 04일,주식배당 시 발생한 단주대금 회수,시장을 통한 매도(주)
120,2020-05-25,A004020,"5,723,140,500",-,2020년 05월 26일,2020년 05월 26일,2015년 7월 1일 현대하이스코와의 합병과정에서 주식매수청구권 행사에 의하여 취득한 자기주식 매각을 통한 법상 처분의무 해소,시장을 통한 매도(주)
121,2020-06-05,A013890,"5,554,850,000",-,2020.06.11,2020.06.11,주식매수선택권 행사에 따른 자기주식 교부,시장을 통한 매도(주)
122,2020-06-10,A353200,"211,137,900","5,047,690",2020년 06월 11일,2020년 06월 30일,인적분할 시 단주처리 과정에서 취득한 자기주식 처분,시장을 통한 매도(주)
123,2020-06-10,A008060,-,"4,979,150",2020년 06월 11일,2020년 06월 30일,인적분할 시 단주처리 과정에서 취득한 자기주식의 처분,시장을 통한 매도(주)
124,2020-06-15,A003540,"9,122,636,480",-,2020.06.16,2020.06.16,우리사주제도(ESOP)에 의한 임직원 자사주 출연,시장을 통한 매도(주)
125,2020-06-16,A030200,"2,876,067,300",-,2020년 06월 17일,2020년 07월 16일,"2019년도 CEO 및 사내이사, 경영임원 대상 장기성과급을 자기주식으로 지급",시장을 통한 매도(주)
126,2020-06-18,A105560,"240,000,000,000",-,2020년 06월 30일,2020년 06월 30일,자기주식을 교환대상으로 하는교환사채 발행에 따른 처분,시장을 통한 매도(주)
127,2020-06-23,A008060,"27,179,163,786",- ,2020년 08월 17일,2020년 08월 17일,독점규제 및 공정거래에 관한 법률 소정의 지주회사 요건 충족,시장을 통한 매도(주)
128,2020-06-29,A128820,"3,840,980,000",-,2020년 06월 29일,2020년 06월 30일,2015년 5월 15일 디큐브백화점자산양도 시 주식매수청구권 행사에 의하여 2015년 6월 30일 취득한자기주식의 처분,시장을 통한 매도(주)
129,2020-06-30,A034730,"745,978,000","11,950,500",2020년 07월 01일,2020년 07월 29일,주식매수청구권 행사에 의해 취득한자기주식의 법 상 처분 의무 이행,시장을 통한 매도(주)
130,2020-07-09,A134380,"545,365,600",-,2020.07.10,2020.10.09,우리사주조합에 매각,시장을 통한 매도(주)
131,2020-07-13,A112610,"45,873,851,465",-,2020.07.14,2020.07.14,신규사업투자를 위한 재원확보 및 유통주식수 확대를 통한 거래활성화,시장을 통한 매도(주)
132,2020-07-15,A007590,"4,259,290,000",-,2020.07.17,2020.07.17,자기주식을 교환대상으로 하는 교환사채의 발행을 통한 유동성확대 및 주주환원정책,시장을 통한 매도(주)
133,2020-07-21,A026890,"9,300,000,000",-,2020년 07월 22일,2020년 10월 21일,운영자금 및 자본확충을 통한 재무구조개선 ,시장을 통한 매도(주)
134,2020-07-22,A001570,"8,180,000,000",-,2020년 07월 23일,2020년 07월 23일,재무구조 개선,시장을 통한 매도(주)
135,2020-07-27,A019680, - ,"51,421,760 ",2020년 07월 29일,2020년 07월 31일,2020년 교학상장 어워드 포상,시장을 통한 매도(주)
136,2020-07-29,A009420,"71,126,000",-,2020년 07월 29일,2020년 08월 04일,스톡그랜트 부여에 따른 자기주식 처분,시장을 통한 매도(주)
137,2020-07-31,A000220,"110,485,650",-,2020년 08월 03일,2020년 08월 05일,당사의 성장 및 동기부여를 위해 스탁그랜트를 부여,시장을 통한 매도(주)
138,2020-08-11,A002710,"1,690,500,000",-,2020년 08월 12일,2020년 08월 12일,유동성 확대 및 투자재원확보를 통한 기업가치 제고,시장을 통한 매도(주)
139,2020-08-18,A011930,"10,950,000,000",-,2020.08.19,2020.09.18,-. 재무구조 개선 및 유동성 확보,시장을 통한 매도(주)
140,2020-08-19,A115390," 5,799,990,426 ",-,2020.08.20,2020.08.24,타법인 주식취득 목적의 잔금 대가를 당사 자기주식으로 교부,시장을 통한 매도(주)
141,2020-08-21,A145990,"      1,768,000","   988,156,650",2020.08.24,2020.11.20,"1) 2016년 1월 (주)삼양사가 (주)삼양제넥스를 흡수합병시 반대하여 주식매수청구권을 행사한 주주의 주식을 (주)삼양사가 취득(보통주식 26, 기타주식 20,579주)2) (주)삼양사가 취득한 자기주식의 기한내 처분 (자본시장법 165조의 5) 3) 동합병시 취득한 단수주도 처분(기타주식 468주)",시장을 통한 매도(주)
142,2020-08-24,A004080,"43,971,200",-,2020년 08월 25일,2020년 08월 28일,종업원에 대한 상여금 지급,시장을 통한 매도(주)
143,2020-08-27,A011930,"7,880,000,000",-,2020.08.28,2020.09.25,재무구조 개선 및 유동성 확보,시장을 통한 매도(주)
144,2020-08-31,A003410,"8,050,011,200",- ,2020년 09월 01일,2020년 09월 30일,임원에 대한 상여금 지급,시장을 통한 매도(주)
145,2020-09-01,A017960,"19,000,000,000",-,2020년 09월 02일,2020년 09월 10일,복합소재사업 투자재원 확보,시장을 통한 매도(주)
146,2020-09-04,A013890,"4,263,650,000",-,2020.09.10,2020.09.10,주식매수선택권 행사에 따른 자기주식 교부,시장을 통한 매도(주)
147,2020-09-14,A007660,"8,075,323,779",-,2020년 09월 15일,2020년 09월 15일,운영자금 확보 및 재무구조 개선,시장을 통한 매도(주)
148,2020-09-17,A035510,"4,350,000,000",-,2020년 09월 18일,2020년 09월 18일,유통주식수 확대 및 거래활성화,시장을 통한 매도(주)
149,2020-09-18,A002700,"1,032,000,000",0,2020년 09월 25일,2020년 09월 25일,우리사주조합 무상출연,시장을 통한 매도(주)
150,2020-09-21,A019170,"215,354,850,000",-,2020년 09월 22일,2020년 09월 22일,생산설비 개선 및 연구개발과제 투자 자금 확보,시장을 통한 매도(주)
151,2020-09-25,A063160,"4,468,519,800",-,2020년 09월 28일,2020년 09월 28일,투자재원 확보를 통한기업가치 제고 ,시장을 통한 매도(주)
152,2020-10-05,A001210,"2,987,299,800",-,2020년 10월 06일,2021년 01월 05일,신규사업 투자자금 확보,시장을 통한 매도(주)
153,2020-10-07,A001340,"1,654,800,138",-,2020년 10월 08일,2020년 10월 08일,투자재원확보 및 법률상 처분의무대상,시장을 통한 매도(주)
154,2020-10-15,A019490,"76,800,000",-,2020년 10월 16일,2020년 10월 20일,일부 임원의 급여를 자기주식으로 지급,시장을 통한 매도(주)
155,2020-10-16,A018670,"5,214,200,000",-,2020년 10월 19일,2020년 10월 19일,우리사주조합 무상 출연,시장을 통한 매도(주)
156,2020-10-21,A035720,"339,570,000,000",-,2020년 10월 28일,2020년 10월 28일,자기주식을 교환대상으로 하는 교환사채 발행,시장을 통한 매도(주)
157,2020-10-26,A000120,"299,999,870,000",-,2020년 10월 27일,2020년 10월 27일,네이버(주)와의 자사주 교환을 통한 전략적 사업제휴 관계 강화 및 유지,시장을 통한 매도(주)
158,2020-10-26,A005380,"111,218,660,000",-,2020년 12월 17일,2020년 12월 17일,우리사주조합에 자기주식 출연,시장을 통한 매도(주)
159,2020-10-26,A035420,"599,999,760,000",-,2020년 10월 27일,2020년 11월 27일,"CJ 대한통운, CJ ENM, 스튜디오드래곤과의 자사주 교환 및 현물출자를 통해 전략적 사업제휴 관계를 강화하고 유지하기 위함",시장을 통한 매도(주)
160,2020-10-29,A011930,"29,200,000,000",-,2020.10.29,2020.11.27,재무구조 개선 및 유동성 확보,시장을 통한 매도(주)
161,2020-10-29,A012330,"17,171,262,500",-,2020년 10월 30일,2021년 01월 29일,우리사주조합에 자기주식 출연,시장을 통한 매도(주)
162,2020-11-05,A033530,"641,190,000",-,2020년 11월 06일,2020년 11월 30일,임직원 성과금 지급,시장을 통한 매도(주)
163,2020-11-06,A030200,"23,309,399,250",-,2020년 11월 09일,2020년 12월 29일,임직원 주식 교부,시장을 통한 매도(주)
164,2020-11-19,A004270,"4,442,000,000",-,2020년 11월 20일,2020년 11월 20일,유통주식 공급물량 증대를 통한 주식거래 활성화,시장을 통한 매도(주)
165,2020-11-26,A005300,"41,422,846,000",-,2020.11.27,2020.11.27,투자재원 확보 및 재무구조 개선,시장을 통한 매도(주)
166,2020-11-26,A000240,"20,937,747,090",-,2021년 04월 19일,2021년 04월 19일,합병대가로 자기주식 교부,시장을 통한 매도(주)
167,2020-11-27,A012600,"1,864,834,400",-,2020년 11월 30일,2020년 12월 28일,운영자금 및 자본 확충을 통한 재무구조 개선,시장을 통한 매도(주)
168,2020-12-02,A013890,"355,080,000",-,2020.12.10,2020.12.10,주식매수선택권 행사에 따른 자기주식 교부,시장을 통한 매도(주)
169,2020-12-09,A023450,"31,606,500 ",- ,2020년 12월 10일,2021년 03월 09일,우리사주조합에 매각,시장을 통한 매도(주)
170,2020-12-09,A008600,"7,000,000,000",-,2020년 12월 11일,2020년 12월 11일,자기주식을 교환대상으로 하는 사모 교환사채 발행,시장을 통한 매도(주)
171,2020-12-14,A003540,"3,873,006,300",-,2020년 12월 30일,2020년 12월 30일,임직원 성과급 이연지급,시장을 통한 매도(주)
172,2020-12-15,A001230,"7,759,285,600 ",- ,2020년 12월 16일,2020년 12월 30일,직원 격려금 지급,시장을 통한 매도(주)
173,2020-12-17,A053690,"555,000,000",-,2020년 12월 18일,2021년 01월 18일,사내근로복지기금 주식으로 출연,시장을 통한 매도(주)
174,2020-12-17,A134380,"344,811,500",-,2020.12.18,-,우리사주조합에 매각,시장을 통한 매도(주)
175,2020-12-17,A006370,"6,120,000,000",-,2020년 12월 18일,2020년 12월 18일,자기주식 처분을 통한 유동성 확보,시장을 통한 매도(주)
176,2020-12-22,A005750,"2,851,269,200",-,2020.12.23,2020.12.23,투자자와의 전략적 제휴,시장을 통한 매도(주)
177,2020-12-22,A000390,"445,500,000",-,2020년 12월 28일,2026년 03월 13일,주식매수선택권 행사에 따른 자기주식 교부,시장을 통한 매도(주)
178,2020-12-22,A002810,"4,335,000,000",-,2020년 12월 23일,2020년 12월 23일,사내근로복지기금 출연,시장을 통한 매도(주)
179,2020-12-23,A004080,"16,000,000",-,2020년 12월 23일,2020년 12월 29일,종업원에 대한 상여금 지급,시장을 통한 매도(주)
180,2020-12-24,A004360,"376,870,000",-,2020년 12월 28일,2020년 12월 30일,임직원에 대한 상여금 지급,시장을 통한 매도(주)
181,2020-12-24,A004490,"1,058,760,000",-,2020년 12월 28일,2020년 12월 30일,임직원에 대한 성과급 지급,시장을 통한 매도(주)
182,2020-12-30,A075580,"624,580,000",-,2020년 12월 30일,2021년 01월 08일,임직원 성과급 지급,시장을 통한 매도(주)
183,2021-01-07,A017550,"7,521,500,000",-,2021년 01월 08일,2021년 02월 05일,투자재원 확보 및 재무건전성 강화,시장을 통한 매도(주)
184,2021-01-13,A161890," 23,919,000",-,2021년 01월 14일,2021년 04월 14일,"영업양도결정(2020년 12월 28일 '합병등 종료보고서' 참조)에 반대한 투자자의 주식매수청구권행사에 의해 취득한 자기주식을, 자본시장과금융투자업에관한법률 제165조의5 및 동법 시행령 제176조의7에 따라 처분",시장을 통한 매도(주)
185,2021-01-15,A035510,"4,035,000,000",-,2021년 01월 18일,2021년 01월 18일,유통주식수 확대 및 거래활성화,시장을 통한 매도(주)
186,2021-01-25,A004080,"9,350,000",-,2021년 01월 26일,2021년 01월 29일,종업원에 대한 상여금 지급,시장을 통한 매도(주)
187,2021-01-25,A019680, - ,"40,470,760 ",2021년 01월 26일,2021년 01월 28일,2020년 교학상장 AWARD 대상자자사주 포상 지급,시장을 통한 매도(주)
188,2021-01-28,A035420,"3,016,440,000",-,2021년 01월 28일,2021년 02월 26일,자기주식 상여 지급,시장을 통한 매도(주)
189,2021-01-29,A009420,"250,128,000",-,2021년 01월 29일,2021년 02월 04일,주식매수선택권 행사에 따른 자기주식 처분,시장을 통한 매도(주)
190,2021-02-02,A017670,"30,218,595,000",-,2021.02.03,2021.02.15,자기주식 상여 지급,시장을 통한 매도(주)
191,2021-02-08,A035720,"11,916,450,000 ", - ,2021년 02월 09일,2021년 03월 08일,임직원에 대한 상여금 지급 ,시장을 통한 매도(주)
192,2021-02-08,A009420,"99,072,000",-,2021년 02월 08일,2021년 02월 10일,주식매수선택권 행사에 따른 자기주식 처분,시장을 통한 매도(주)
193,2021-02-09,A000990,"1,329,774,000",-,2021년 02월 09일,2021년 05월 07일,종업원 상여,시장을 통한 매도(주)
194,2021-02-16,A011300,"1,945,826,480",-,2021년 02월 17일,2021년 05월 16일,    여유자금 확보를 통한 재무구조    개선,시장을 통한 매도(주)
195,2021-02-18,A003540,"2,069,420,500",-,2021년 02월 19일,2021년 02월 19일,임직원 성과급 지급,시장을 통한 매도(주)
196,2021-02-24,A042700,"6,380,811,100",-,2021년 02월 25일,2021년 02월 26일,임직원 대상 특별 성과급 지급,시장을 통한 매도(주)
197,2021-02-25,A000390,"10,000,000,000",-,2021년 02월 26일,2021년 02월 26일,자기주식을 교환대상으로 하는 교환사채의 발행을 통한 시설자금 투자,시장을 통한 매도(주)
198,2021-03-02,A035420,"50,609,233,600",-,2021년 03월 02일,2026년 02월 26일,임직원에게 기 부여한 주식매수선택권 행사기간 도래에 따른 자기주식 처분,시장을 통한 매도(주)
199,2021-03-11,A001790,"12,444,192,000",-,2021년 03월 12일,2021년 06월 11일,우리사주조합에 매각,시장을 통한 매도(주)
200,2021-03-16,A139480,"150,000,032,000",-,2021.03.17,2021.03.17,네이버(주)와의 자사주 교환을 통한 전략적 사업제휴 관계의 강화 및 유지,시장을 통한 매도(주)
201,2021-03-16,A035420,"250,000,605,000",-,2021년 03월 17일,2021년 03월 17일,온·오프라인 커머스 역량 강화를 위한 전략적 제휴,시장을 통한 매도(주)
202,2021-03-18,A069620,"39,999,946,500",-,2021년 03월 19일,2021년 03월 19일,R&D 투자 등 재원 확보,시장을 통한 매도(주)
203,2021-03-26,A272450,"15,859,713,850",-,2021년 04월 01일,2021년 04월 01일,자기주식을 교환대상으로 하는교환사채 발행에 따른 처분,시장을 통한 매도(주)
204,2021-03-26,A003550," 8,253,432,000"," 462,399,000",2021년 03월 29일,2021년 04월 28일,"(주)LG의 인적분할 관련하여,(주)LG가 자기주식 보유 시 분할 신설회사의 주식을 배정받게 되어 공정거래법상 지주회사 행위제한규제(자회사 외의 국내 계열회사 주식 소유 금지) 위반에 해당하므로, 분할기일 전 자기주식을 처분하여 관련 이슈를 해소하고자 함. ",시장을 통한 매도(주)
205,2021-03-29,A001720,"316,290,482",-,2021년 03월 30일,2021년 03월 30일,성과보상 지급 대상자에 대한자기주식 교부,시장을 통한 매도(주)
206,2021-03-30,A034730,"119,482,500",-,2021년 03월 31일,2021년 04월 08일,- 사외이사 Stock Grant 부여 목적- 기업가치 제고와 보상의 연계를 통한   이사회 중심 책임경영 체계 강화 ,시장을 통한 매도(주)
207,2021-04-02,A035150,"5,407,368,148",-,2021년 04월 05일,2021년 04월 05일,투자재원 확보 및 재무건전성 강화,시장을 통한 매도(주)
208,2021-04-02,A013890,"1,353,399,860",-,2021년 04월 09일,2021년 04월 09일,주식매수선택권 행사에 따른 자기주식 교부,시장을 통한 매도(주)
209,2021-04-08,A268280,"561,750,000",-,2021년 04월 09일,2021년 04월 09일,우리사주조합에 매각,시장을 통한 매도(주)
210,2021-04-08,A227840,"6,288,002,000",-,2021년 04월 09일,2021년 04월 09일,계열회사 지분 추가취득,시장을 통한 매도(주)
211,2021-04-14,A002840,"1,747,387,500",-,2021년 04월 15일,2021년 04월 15일,우리사주조합에 매각,시장을 통한 매도(주)
212,2021-04-20,A002710,"22,305,120",-,2021년 04월 21일,2021년 04월 22일,제63기 주식배당에 따라 발생한 단수주 처리를 위하여 자기주식 처분,시장을 통한 매도(주)
213,2021-04-21,A000490,"10,000,000,000",-,2021년 04월 28일,2026년 03월 23일,자기주식을 교환대상으로 하는 교환사채 발행,시장을 통한 매도(주)
214,2021-04-22,A079550,"5,112,290,000",-,2021년 04월 23일,2021년 07월 21일,직원 격려금 지급,시장을 통한 매도(주)
215,2021-04-26,A019680,-,"479,743,630",2021년 04월 28일,2021년 04월 30일,2020년 우수구성원 영업성과에 따른 자사주 포상,시장을 통한 매도(주)
216,2021-04-27,A004080,"28,298,700",-,2021년 04월 28일,2021년 04월 30일,종업원에 대한 상여금 지급,시장을 통한 매도(주)
217,2021-04-29,A000660,"488,548,530,000",-,2021년 04월 29일,2021년 05월 03일,임직원 자기주식 상여지급,시장을 통한 매도(주)
218,2021-04-29,A107590,"11,442,025",-,2021년 04월 30일,2021년 04월 30일,우리사주조합에 매각,시장을 통한 매도(주)
219,2021-04-29,A023450,"81,628,740",-,2021.04.29,2021.07.28,우리사주조합에 매각,시장을 통한 매도(주)
220,2021-05-04,A004080,"466,440,000",-,2021년 05월 06일,2021년 05월 12일,우리사주조합 유상 출연,시장을 통한 매도(주)
221,2021-05-10,A035420,"176,930,034,000",-,2021년 05월 11일,2021년 05월 11일,글로벌 컨텐츠 사업 다각화 및 북미사업 강화,시장을 통한 매도(주)
222,2021-05-21,A033660,"23,736,678,500",-,2021년 05월 24일,2021년 05월 24일,자본 적정성 및 경영효율 개선,시장을 통한 매도(주)
223,2021-05-25,A004830,"16,267,288,468",-,2021년 05월 26일,2021년 05월 26일,투자재원 확보 및 재무건전성 강화,시장을 통한 매도(주)
224,2021-06-01,A194370,"2,599,000,000",-,2021년 06월 02일,2021년 06월 02일,주식매수선택권 행사에 따른 자기주식 교부,시장을 통한 매도(주)
225,2021-06-01,A064960,"10,000,000,300",-,2021년 06월 02일,2021년 06월 02일,SNT장학재단 무상출연을 통한 공익사업 수행,시장을 통한 매도(주)
226,2021-06-02,A012280,"4,992,360,000",-,2021년 06월 03일,2021년 06월 03일,운영자금 확보 및 재무건정성 강화,시장을 통한 매도(주)
227,2021-06-02,A009420,"64,018,500",-,2021년 06월 02일,2021년 06월 08일,연봉계약에 명시된 스톡그랜트 부여,시장을 통한 매도(주)
228,2021-06-03,A011090,"13,540,000,000",-,2021년 06월 04일,2021년 06월 04일,자본효율성 제고,시장을 통한 매도(주)
229,2021-06-10,A017670,"163,750,000",-,2021.06.11,2021.06.24,"사외이사 보수 지급, ",시장을 통한 매도(주)
230,2021-06-16,A163560,"37,466,700",-,2021년 06월 17일,2021년 09월 16일,주식배당 시 발생한 단주대금 회수,시장을 통한 매도(주)
231,2021-06-18,A030200,"4,353,339,500",-,2021년 06월 18일,2021년 07월 17일,사외이사 및 경영임원 대상주식보상/장기성과급 지급,시장을 통한 매도(주)
232,2021-06-21,A090430,"  143,890,668,672",-,2021년 09월 01일,2021년 09월 01일,"(1) (주)아모레퍼시픽이 (주)에스트라를 흡수합병함에 따라 상법 제527조의3에 의거 소규모합병의 대가로 신주발행에 갈음하여 회사의 자기주식을 교부할 예정임(413,814주)(2) (주)아모레퍼시픽과 주식교환방식에 의하여 (주)코스비전을 완전자회사(주식 100% 취득)로 편입하기 위함. 상법 제360조의10에 의거 소규모주식교환의 대가로 신주발행에 갈음하여 회사의 자기주식을 교부할 예정임(95,274주), ",시장을 통한 매도(주)
233,2021-06-23,A096770,"157,320,000",-,2021년 06월 24일,2021년 07월 02일,- 사외이사 Stock Grant 부여 목적- 기업가치 제고와 보상의 연계를 통한   이사회 중심 책임경영 체계 강화,시장을 통한 매도(주)
234,2021-06-24,A053690,"600,000,000",-,2021년 06월 25일,2021년 07월 23일,사내근로복지기금  출연,시장을 통한 매도(주)
235,2021-06-28,A002070,"2,947,386,410",-,2021년 06월 29일,2021년 06월 29일,운영자금확보 및 유동주식수 증대,시장을 통한 매도(주)
236,2021-06-29,A058730,"158,824,710",-,2021년 06월 29일,2021년 06월 29일, 임직원에 대한 상여금 지급 ,시장을 통한 매도(주)
237,2021-07-01,A034020,"16,014,353",-,2021년 07월 01일,2021년 07월 30일,착오에 따른 주식매수청구권 행사 주주에 대한 원상회복(주식반환),시장을 통한 매도(주)
238,2021-07-01,A035420,"30,879,184,000",-,2021년 07월 01일,2021년 07월 01일,보상경쟁력 강화를 위한직원 대상 자사주 지급,시장을 통한 매도(주)
239,2021-07-01,A035510,"11,700,000,000",-,2021년 07월 02일,2021년 07월 02일,유통주식수 확대 및 거래활성화,시장을 통한 매도(주)
240,2021-07-14,A019680,-,"161,085,800",2021년 07월 16일,2021년 07월 19일,2021년 교학상장 AWARD 대상자 자사주 포상 지급 ,시장을 통한 매도(주)
241,2021-07-21,A004270,"10,000,000,000",-,2021년 07월 23일,2021년 07월 23일,자기주식을 교환대상으로 하는 사모 교환사채의 발행으로 인한 자기주식 처분,시장을 통한 매도(주)
242,2021-07-23,A072130,"366,141,600",-,2021년 07월 26일,2021년 07월 28일,신규 Business 협력을 위한 전략적 제휴,시장을 통한 매도(주)
243,2021-07-26,A000020,"1,043,900,000",-,2021년 07월 26일,2021년 08월 25일,우리사주조합 무상주 출연,시장을 통한 매도(주)
244,2021-08-04,A007160,"3,767,500,000",-,2021년 08월 05일,2021년 11월 04일,운영자금 확보 및 유동주식수 증가,시장을 통한 매도(주)
245,2021-08-05,A007070,"100,004,900",-,2021년 10월 29일,2021년 10월 29일,기업가치 제고를 위한 마케팅 활동,시장을 통한 매도(주)
246,2021-08-10,A035420,"137,164,534,000",-,2021년 08월 10일,2021년 09월 10일,커머스 역량 강화를 위한전략적 제휴,시장을 통한 매도(주)
247,2021-08-13,A014280,"365,187,200",-,2021년 08월 14일,2021년 08월 31일,임직원 상여,시장을 통한 매도(주)
248,2021-08-13,A005490,"1,399,905,312,000",-,2021.09.01,2021.09.01,자기주식을 교환대상으로 하는교환사채 발행에 따른 처분,시장을 통한 매도(주)
249,2021-08-18,A204320," 4,960,504,500",-,2021년 08월 19일,2021년 08월 31일,직원 대상 상여 지급,시장을 통한 매도(주)
250,2021-08-20,A012330,"10,478,190,000",-,2021년 08월 21일,2021년 11월 20일,2021년 단체교섭에 따른 회사주식 지급,시장을 통한 매도(주)
251,2021-08-24,A092780,"4,776,481,292",-,2021년 08월 25일,2021년 08월 25일,투자자금 확보,시장을 통한 매도(주)
252,2021-09-06,A013890,"1,036,265,750",-,2021년 09월 10일,2021년 09월 10일,주식매수선택권 행사에 따른 자기주식 교부,시장을 통한 매도(주)
253,2021-09-06,A053210,"58,125,600",-,2021.09.16,2021.09.30,임직원 주식 교부,시장을 통한 매도(주)
254,2021-09-13,A033530,"840,492,000",-,2021년 09월 15일,2021년 09월 30일,임직원 성과금 지급,시장을 통한 매도(주)
255,2021-09-14,A102260,"55,409,310",-,2021년 09월 15일,2021년 09월 30일,장기근속자 포상,시장을 통한 매도(주)
256,2021-09-16,A005380,"68,133,590,000",-,2021년 09월 30일,2021년 09월 30일,2021년 단체교섭에 따른 회사주식 지급,시장을 통한 매도(주)
257,2021-09-16,A035510,"15,900,000,000",-,2021년 09월 17일,2021년 09월 17일,유통주식수 확대 및 거래활성화,시장을 통한 매도(주)
258,2021-09-17,A012510,"72,305,992,000",-,2021년 09월 23일,2021년 09월 23일,사업역량 강화를 위한 전략적 제휴,시장을 통한 매도(주)
259,2021-09-24,A003090,"260,144,600",-,2021년 09월 24일,2021년 09월 28일,주식매수선택권 행사에 따른 자기주식 교부 ,시장을 통한 매도(주)
260,2021-09-29,A011790,"19,611,900,000",-,2021년 10월 15일,2021년 11월 15일,SKC 및 산하 계열회사 임직원에 대한 동기부여(Stock Grant) ,시장을 통한 매도(주)
261,2021-10-01,A096770," 122,627,425,000 ",-,2021년 10월 02일,2021년 12월 16일,SK이노베이션 및 각 자회사직원에 대한 자기주식 상여지급,시장을 통한 매도(주)
262,2021-10-12,A017670,"158,340,000,000",-,2021.10.25,2022.01.12,자기주식 상여 지급,시장을 통한 매도(주)
263,2021-10-13,A010690,"23,212,819,200",-,2021년 10월 15일,2021년 10월 15일,자기주식을 교환대상으로 하는 교환사채 발행,시장을 통한 매도(주)
264,2021-10-13,A144620," 1,098,801,080",-,2021년 10월 15일,2021년 10월 15일,"모회사 코오롱인더스트리(주)의 완전자회사로 편입을 위해 진행중인 주식의 포괄적 교환의 원활한 진행을 위하여, 당사가 보유하는 자기주식(주식의 포괄적 교환에 대한 반대주주의 주식매수청구권 행사로 취득한 자기주식)을 별도로 코오롱인더스트리(주)에 처분",시장을 통한 매도(주)
265,2021-10-22,A051910,"4,904,510,000","4,074,001,500",2021년 10월 25일,2021년 12월 28일,"당사는 '17년 1월 1일자로 (구)LG생명과학과 합병하였으며, (구)LG생명과학과의 합병과정에서 주주의 주식매수청구권 행사로 자기주식(보통주 1,284,888주, 우선주 10,327주)을 취득하였습니다.상기 주식은 자본시장법 제165조의 5 및 동법 시행령 제176조의 7에 따라 취득일로부터 5년 내인 '21년 12월 28일까지 처분해야 하며, 금번 결정은 주식매수청구권 행사로 취득한 후, 교환사채 교환으로 보통주 1,278,803주를 처분하고 남은 주식을 처분 결정하는 건입니다.",시장을 통한 매도(주)
266,2021-10-26,A003090," 38,686,650",-,2021년 10월 26일,2021년 10월 29일,주식매수선택권 행사에 따른 자기주식 교부 ,시장을 통한 매도(주)
267,2021-10-27,A000270,"37,540,027,200",-,2021년 11월 19일,2021년 11월 19일,2021년 임금협상에 따른 회사주식 지급,시장을 통한 매도(주)
268,2021-10-29,A002700,"804,912,600",0,2021년 11월 11일,2021년 11월 19일,우리사주조합 무상출연,시장을 통한 매도(주)
269,2021-11-02,A007590,"5,880,000",-,2021년 11월 03일,2021년 11월 04일,우수직원 포상 지급,시장을 통한 매도(주)
270,2021-11-03,A035720,"5,569,536,000 ",-,2021년 11월 04일,2022년 01월 03일,임직원에 대한 상여금 지급 ,시장을 통한 매도(주)
271,2021-11-09,A030200,"43,829,359,200",-,2021년 11월 10일,2021년 12월 29일,직원 주식 교부,시장을 통한 매도(주)
272,2021-11-12,A036460,"335,328,785,000",-,2021년 11월 16일,2021년 11월 16일,자기주식을 교환대상으로 하는 (사모후순위) 교환사채의 발행,시장을 통한 매도(주)
273,2021-11-24,A194370,"1,008,000,000",-,2021년 11월 24일,2021년 11월 24일,주식매수선택권 행사에 따른 자기주식 교부,시장을 통한 매도(주)
274,2021-11-26,A004080,"40,411,000",-,2021년 11월 29일,2021년 11월 30일,종업원에 대한 상여금 지급,시장을 통한 매도(주)
275,2021-12-02,A072130,"2,215,160,000",-,2021년 12월 02일,2021년 12월 02일,신규 Business 협력을 위한 전략적 제휴,시장을 통한 매도(주)
276,2021-12-06,A005110,"1,673,302,380",-,2021년 12월 06일,2021년 12월 07일,운영자금 및 유동성 확보,시장을 통한 매도(주)
277,2021-12-07,A042670,"1,788,710",-,2021.12.08,2021.12.10,주식매수청구권 행사로 취득한 자기주식의 처분,시장을 통한 매도(주)
278,2021-12-13,A003540,"4,213,477,790",-,2021년 12월 30일,2021년 12월 30일,임직원 성과급 이연지급,시장을 통한 매도(주)
279,2021-12-13,A000390,"23,993,730",-,2021년 12월 20일,2026년 03월 13일,주식매수선택권 행사에 따른 자기주식 교부(차액보상),시장을 통한 매도(주)
280,2021-12-14,A024900,"217,194,000",-,2021년 12월 16일,2021년 12월 24일,            직원 성과금 지급,시장을 통한 매도(주)
281,2021-12-15,A011780,"31,533,924,500",-,2021.12.16,2021.12.16,사업 제휴 강화를 위한 전략적 파트너십 관계 구축,시장을 통한 매도(주)
282,2021-12-15,A010060,"31,533,950,000",-,2021년 12월 16일,2021년 12월 16일,자사주 교환을 통한 전략적 사업 제휴 관계 강화,시장을 통한 매도(주)
283,2021-12-15,A268280,"510,137,985",-,2021년 12월 15일,2021년 12월 15일,우리사주조합에 매각,시장을 통한 매도(주)
284,2021-12-15,A035720,"3,478,567,500",-,2021년 12월 16일,2022년 03월 15일,임직원에 대한 상여금 지급 ,시장을 통한 매도(주)
285,2021-12-16,A053210,"64,202,440",-,2021.12.17,2021.12.29,임직원 주식 교부,시장을 통한 매도(주)
286,2021-12-16,A134380,"346,808,000",-,2021.12.17,-,우리사주조합에 매각,시장을 통한 매도(주)
287,2021-12-20,A004990,-," 678,000,000",2021년 12월 21일,2021년 12월 21일,주식매수청구권 행사에 따라 취득한 자기주식의 법령상 처분기한 준수 및 유동성 공급을 통한 관리종목 우려 해소,시장을 통한 매도(주)
288,2021-12-21,A011790,"3,834,675,000",-,2021년 12월 29일,2022년 01월 05일,SKC 산하 계열회사 임직원에 대한동기부여(Stock Grant) ,시장을 통한 매도(주)
289,2021-12-22,A004910,"408,723,640",-,2021년 12월 22일,2022년 01월 10일, 임직원에 대한 상여금 지급,시장을 통한 매도(주)
290,2021-12-22,A003570,"8,620,000,000",-,2021.12.23,2021.12.23,운해장학재단 무상출연을 통한 공익사업 수행,시장을 통한 매도(주)
291,2021-12-22,A100840,"5,535,000,000",-,2021.12.23,2021.12.23,운해장학재단 무상출연을 통한 공익사업 수행,시장을 통한 매도(주)
292,2021-12-23,A004080,"61,760,000",-,2021년 12월 24일,2021년 12월 29일,종업원에 대한 상여금 지급,시장을 통한 매도(주)
293,2021-12-24,A181710,"298,198,400 ",-,2021년 12월 27일,2021년 12월 27일,주식매수선택권 행사에 따른자기주식 교부,시장을 통한 매도(주)
294,2021-12-24,A020560,"2,465,385,600",-,2021년 12월 27일,2022년 01월 26일,무상감자시 발생한 단주의 처분,시장을 통한 매도(주)
295,2021-12-24,A010780,"2,782,472,150",-,2021년 12월 28일,2021년 12월 29일,임직원 성과금 지급,시장을 통한 매도(주)
296,2021-12-27,A268280,"158,457,015",-,2021년 12월 28일,2021년 12월 28일,우리사주조합에 매각,시장을 통한 매도(주)
297,2021-12-27,A001070,"999,984,000",-,2021년 12월 28일,2021년 12월 30일,사내근로복지기금 출연,시장을 통한 매도(주)
298,2021-12-28,A004490,"303,960,000",-,2021년 12월 29일,2021년 12월 30일,임직원에 대한 성과급 지급,시장을 통한 매도(주)
299,2021-12-29,A004360,"189,980,000",-,2021년 12월 30일,2021년 12월 31일,임직원에 대한 상여금 지급,시장을 통한 매도(주)
300,2022-01-03,A035420,"33,535,816,000",-,2022년 01월 03일,2022년 01월 29일,보상경쟁력 강화를 위한직원 대상 자기주식 지급,시장을 통한 매도(주)
301,2022-01-06,A300720," 67,030,600,000",-,2022년 01월 07일,2022년 02월 04일,"당사는 2020년 08월 01일 에이치엘케이홀딩스(주)를 흡수합병하였고, 합병에 반대하는 주주들로 부터 257,810주(2021년 9월 10일 액면분할 후 2,578,100주에 해당)를 자기주식으로 취득하였습니다. [상법 제341조의2 및 자본시장법 제165조의5]상기 주식과 같이 자본시장과 금융투자업에 관한 법률 제165조의5 제4항과 동법 시행령 제176조의7 제4항의 규정에 따라 매수한 자기주식은 매수한 날로부터 5년 이내에 처분하여야 하는 법률을 준수하고, 자기자본 차감항목인 자기주식의 현금화를 통해 재무구조 개선 및 유동성 확보차원에서 처분을 결정하게 되었습니다.",시장을 통한 매도(주)
302,2022-01-17,A005300,-,"6,850,800,000",2022년 01월 18일,2022년 01월 18일,주식매수청구권 행사에 따라 취득한자기주식의 법령상 처분기한 준수 ,시장을 통한 매도(주)
303,2022-01-18,A004910,"10,000,000,000",-,2022년 01월 26일,2022년 01월 26일,자기주식을 교환대상으로 하는 사모 교환사채의 발행,시장을 통한 매도(주)
304,2022-01-21,A017670,"23,049,864,000",-,2022.01.24,2022.02.11,자기주식 상여 지급,시장을 통한 매도(주)
305,2022-01-24,A019680,-,"69,234,600",2022년 01월 25일,2022년 01월 27일,내부 조직원 포상 (2021년 교학상장 AWARD)자사주 지급 ,시장을 통한 매도(주)
306,2022-01-25,A009830,"317,354,850",-,2022년 01월 26일,2022년 02월 11일,                                 임원 지급,시장을 통한 매도(주)
307,2022-01-28,A005490,"66,477,840,000",-,2022.02.25,2022.02.25,우리사주조합에 자기주식 출연,시장을 통한 매도(주)
308,2022-01-28,A075580,"534,380,000",-,2022년 01월 28일,2022년 02월 08일,자기주식 상여 지급,시장을 통한 매도(주)
309,2022-02-07,A096770,"194,358,144,000",-,2022년 04월 01일,2022년 04월 30일,기말 배당,시장을 통한 매도(주)
310,2022-02-08,A010120,"1,529,465,000",-,2022년 02월 08일,2022년 03월 31일,직원에 대한 상여금 지급,시장을 통한 매도(주)
311,2022-02-08,A402340,"861,360,000",-,2022.02.10,2022.02.11,자기주식 상여 지급,시장을 통한 매도(주)
312,2022-02-09,A090430,"37,920,000",-,2022.02.10,2022.02.10,"직원에 대한 상여금, 장려금 등으로 자기주식을 지급",시장을 통한 매도(주)
313,2022-02-09,A002790,"6,412,500",-,2022.02.10,2022.02.10,"직원에 대한 상여금, 장려금 등으로 자기주식을 지급 ",시장을 통한 매도(주)
314,2022-02-09,A030210,"347,599,250",-,2022년 02월 10일,2022년 02월 10일,성과보상 이연 지급 대상자에 대한 자기주식 교부,시장을 통한 매도(주)
315,2022-02-10,A035720,"171,855,600 ",-,2022년 02월 11일,2022년 05월 10일,임직원에 대한 상여금 지급 ,시장을 통한 매도(주)
316,2022-02-15,A138250,"12,000,005,700",-,2022년 02월 25일,2022년 02월 25일,"(주)하림지주의 완전자회사로 편입을 위해 진행중인 주식의 포괄적 교환의 원활한 진행을 위하여, 당사가 보유하는 자기주식(주식의 포괄적 교환에 대한 반대주주의 주식매수청구권 행사로 취득한 자기주식)을 별도로 (주)하림지주에 처분",시장을 통한 매도(주)
317,2022-02-18,A003540,"3,119,180,500",-,2022년 02월 21일,2022년 02월 21일,임직원 성과급 지급,시장을 통한 매도(주)
318,2022-02-24,A017670,"417,890,000",-,2022.02.25,2022.03.04,자기주식 상여 지급,시장을 통한 매도(주)
319,2022-02-24,A000660,"3,485,819,500",-,2022년 02월 24일,2022년 03월 02일,자기주식 상여 지급,시장을 통한 매도(주)
320,2022-02-24,A035720,"32,687,800 ",-,2022년 02월 25일,2022년 05월 24일,임직원에 대한 상여금 지급 ,시장을 통한 매도(주)
321,2022-03-02,A044450,"1,450,387,750",-,2022년 03월 03일,2022년 03월 31일,임직원 이익배당급 지급(희망자에 한해서 이익배당급 중 일부를 현금대신 자사주로 지급하기 위함임),시장을 통한 매도(주)
322,2022-03-02,A035420,"26,705,322,000",-,2022년 03월 02일,2027년 02월 25일,임직원에게 기 부여한 주식매수선택권 행사기간 도래에 따른 자기주식 처분,시장을 통한 매도(주)
323,2022-03-03,A034730,"7,829,488,500",-,2022년 03월 03일,2022년 03월 07일,당사 및 자회사 임원 대상 자기주식 상여금 지급,시장을 통한 매도(주)
324,2022-03-07,A005300,-,"1,299,600,000",2022년 03월 08일,2022년 03월 08일,주식매수청구권 행사에 따라 취득한자기주식의 법령상 처분기한 준수 ,시장을 통한 매도(주)
325,2022-03-08,A021240,"406,000,000",-,2022.03.10,2022.03.25,주식매수선택권 행사에 따른 자기주식 교부,시장을 통한 매도(주)
326,2022-03-08,A003090,"220,654,790",-,2022년 03월 08일,2022년 03월 11일,주식매수선택권 행사에 따른 자기주식 교부 ,시장을 통한 매도(주)
327,2022-03-11,A001740,"284,997,180",-,2022.03.14,2022.05.13,임직원에 대한 자기주식 상여 지급,시장을 통한 매도(주)
328,2022-03-17,A008560,"9,610,410",-,2022년 03월 18일,2022년 04월 26일,주식매수청구권 행사로 취득한 자기주식의 기한내 처분(자본시장법165조의5),시장을 통한 매도(주)
329,2022-03-23,A023450,"55,833,600",-,2022.03.23,2022.06.22,우리사주조합에 매각,시장을 통한 매도(주)
330,2022-03-24,A002790,"60,196,500",-,2022.03.25,2022.03.25,임원 장기 인센티브 지급,시장을 통한 매도(주)
331,2022-03-24,A090430,"760,746,500",-,2022.03.25,2022.03.25,임원 장기 인센티브 지급,시장을 통한 매도(주)
332,2022-03-24,A001720,"470,593,470",-,2022년 03월 30일,2022년 03월 30일,성과보상 지급 대상자에 대한자기주식 교부,시장을 통한 매도(주)
333,2022-03-25,A085620,"2,056,712,130",-,2022.03.28,2022.03.28,임직원 성과보상 지급,시장을 통한 매도(주)
334,2022-03-28,A361610,"122,272,500",-,2022.03.29,2022.04.05,경영층 주식보상,시장을 통한 매도(주)
335,2022-03-29,A035720,"10,264,905,000 ",-,2022년 03월 30일,2022년 06월 29일,우수 인재 리텐션 강화 및 기업가치 향상을 위한 성과 달성,시장을 통한 매도(주)
336,2022-03-29,A034730,"339,586,000",-,2022년 03월 29일,2022년 03월 31일,사외이사 보수 지급,시장을 통한 매도(주)
337,2022-03-30,A226320,"145,144,650",-,2022.03.31,2022.04.26,주식매수청구권 행사로 취득한자기주식의 기한내 처분(자본시장법 제165조의5),시장을 통한 매도(주)
338,2022-03-31,A096770,"1,997,194,500",-,2022년 03월 31일,2022년 03월 31일,자기주식 상여지급,시장을 통한 매도(주)
339,2022-04-01,A035420,"97,988,000,000",-,2022년 04월 01일,2027년 03월 21일,임직원에게 기 부여한 주식매수선택권 행사기간 도래에 따른 자기주식 처분,시장을 통한 매도(주)
340,2022-04-08,A011700,"18,760,260,000 ",- ,2022년 04월 08일,2022년 07월 07일,생산설비 증설을 위한 부지확보 및 신제품개발 및 신사업 투자 등,시장을 통한 매도(주)
341,2022-04-11,A194370,"599,500,000",-,2022년 04월 12일,2022년 04월 12일,주식매수선택권 행사에 따른 자기주식 교부,시장을 통한 매도(주)
342,2022-04-14,A030200,"4,634,781,850",-,2022년 04월 15일,2022년 05월 14일,사내/사외이사 및 경영임원 대상주식보상/장기성과급 지급,시장을 통한 매도(주)
343,2022-04-18,A008040,"9,350,000,000",-,2022년 04월 19일,2022년 07월 18일,자기주식의 처분을 통한 재무구조개선,시장을 통한 매도(주)
344,2022-04-22,A008040,"10,650,000,000",-,2022년 04월 25일,2022년 07월 22일,자기주식의 처분을 통한 재무구조개선,시장을 통한 매도(주)
345,2022-04-25,A019680,"9,071,325","382,399,995",2022.04.27,2022.05.30,1)기업가치 제고를 위한 마케팅활동2)2021년 우수구성원 영업성과에 대한   포상,시장을 통한 매도(주)
346,2022-04-27,A004080,"819,423,000",-,2022년 04월 28일,2022년 04월 29일,우리사주조합 유상 출연,시장을 통한 매도(주)
347,2022-04-27,A361610,"159,820,000",-,2022.04.28,2022.05.09,사외이사와 주주의 이해관계 일치 강화를 위해 자기주식을 활용한 Stock Grant 부여,시장을 통한 매도(주)
348,2022-04-27,A096770,"349,590,000",-,2022년 04월 27일,2022년 05월 09일,사외이사 Stock Grant 지급,시장을 통한 매도(주)
349,2022-04-27,A000660,"359,640,000",-,2022년 04월 28일,2022년 05월 06일,자기주식 상여 지급,시장을 통한 매도(주)
350,2022-04-28,A090430,"6,988,527,000",-,2022.05.02,2022.05.02,"직원에 대한 상여금, 장려금 등으로 자기주식을 지급",시장을 통한 매도(주)
351,2022-04-28,A002790,"114,932,000",-,2022.05.02,2022.05.02,"직원에 대한 상여금, 장려금 등 지급",시장을 통한 매도(주)
352,2022-04-28,A004080,"38,892,500",-,2022년 04월 29일,2022년 05월 04일,종업원에 대한 상여금 지급,시장을 통한 매도(주)
353,2022-04-28,A402340,"274,982,400",-,2022.04.29,2022.05.13,기업가치와 연계된사외이사 보수 지급,시장을 통한 매도(주)
354,2022-04-28,A017670,"1,664,864,800",-,2022.04.29,2022.05.20,자기주식 상여 지급 등,시장을 통한 매도(주)
355,2022-04-28,A085620,"15,976,000",-,2022.04.29,2022.04.29,주식매수청구권 행사로 취득한 자기주식의 기한내 처분,시장을 통한 매도(주)
356,2022-05-02,A001740,"99,982,750",-,2022년 05월 03일,2022년 07월 01일,사외이사 보수 지급(이사회 중심 책임경영 체계 강화),시장을 통한 매도(주)
357,2022-05-03,A128820,"10,000,000,000",-,2022년 05월 06일,2022년 05월 06일,자기주식을 교환대상으로 하는 교환사채 발행,시장을 통한 매도(주)
358,2022-05-09,A003090,"37,336,260",-,2022년 05월 09일,2022년 05월 13일,주식매수선택권 행사에 따른 자기주식 교부 ,시장을 통한 매도(주)
359,2022-05-12,A035720,"229,128,200",-,2022년 05월 13일,2022년 08월 12일,우수 인재 리텐션 강화 및 기업가치 향상을 위한 성과 달성,시장을 통한 매도(주)
360,2022-06-13,A083420,"10,597,500",-,2022년 06월 13일,2022년 08월 31일,무상증자시 취득한 단수주의 처분,시장을 통한 매도(주)
361,2022-06-13,A005300,-,"1,339,821,000",2022년 06월 14일,2022년 06월 14일,주식매수청구권 행사에 따라 취득한자기주식의 법령상 처분기한 준수 ,시장을 통한 매도(주)
362,2022-06-22,A009420,"57,322,400",-,2022년 06월 22일,2022년 06월 28일,연봉계약에 명시된 스톡그랜트 부여,시장을 통한 매도(주)
363,2022-06-23,A011790,"169,880,000",-,2022년 06월 24일,2022년 06월 24일,당사 사외이사 대상 Stock Grant ,시장을 통한 매도(주)
364,2022-06-27,A004990,-,"174,085,000",2022년 06월 28일,2022년 06월 28일,유동성 공급을 통한 관리종목 지정 우려 해소,시장을 통한 매도(주)
365,2022-06-28,A402340,"285,260,000",-,2022.06.29,2022.08.31,구성원 주주 참여 및 기업가치향상을 위한 자기주식 지급,시장을 통한 매도(주)
366,2022-07-01,A035420,"36,739,977,000",-,2022년 07월 01일,2022년 07월 29일,보상 경쟁력 강화를 위한 직원 대상 자기주식 지급 ,시장을 통한 매도(주)
367,2022-07-14,A035720,"1,322,456,700 ",-,2022년 07월 15일,2022년 10월 14일,임직원에 대한 상여금 지급 ,시장을 통한 매도(주)
368,2022-07-14,A002900,"552,090,000",-,2022년 07월 18일,2022년 07월 22일,직원 대상 상여금 지급,시장을 통한 매도(주)
369,2022-07-14,A268280,"1,644,743,700",-,2022년 07월 14일,2022년 07월 14일,우리사주조합에 매각,시장을 통한 매도(주)
370,2022-07-25,A019680,-,"113,481,680",2022년 07월 26일,2022년 08월 22일,장기근속 우수구성원  포상,시장을 통한 매도(주)
371,2022-07-26,A000520,"4,000,000,000",-,2022년 07월 28일,2022년 07월 28일,자기주식을 교환대상으로 하는 사모 교환사채의 발행,시장을 통한 매도(주)
372,2022-07-28,A090430,"1,189,873,500",-,2022.08.01,2022.08.01,임직원에 대한 상여금으로 자기주식을 지급,시장을 통한 매도(주)
373,2022-07-28,A002790,"50,395,150",-,2022.08.01,2022.08.01,직원에 대한 상여금으로 자기주식을 지급,시장을 통한 매도(주)
374,2022-07-28,A003090,"24,296,380",-,2022년 07월 28일,2022년 07월 29일,주식매수선택권 행사에 따른 자기주식 교부 ,시장을 통한 매도(주)
375,2022-08-19,A001430,"13,917,573,600",-,2022년 08월 19일,2022년 09월 30일,우리사주조합 무상출연,시장을 통한 매도(주)
376,2022-08-23,A003670,"3,064,320,000",-,2022.08.24,2022.08.24,우리사주조합에 자기주식 출연,시장을 통한 매도(주)
377,2022-08-23,A001740,"10,023,270","1,168,597,800",2022.08.24,2022.11.14,주식매수청구권 행사로 취득한 자기주식의 기한 내 처분(자본시장법 제165조의5),시장을 통한 매도(주)
378,2022-08-26,A015260,"5,122,906,080",-,2022년 08월 26일,2022년 08월 26일,주식매수청구권 행사로 취득한 자기주식의 기한내 처분(자본시장법 165조의5) 및 운영자금확보,시장을 통한 매도(주)
379,2022-08-30,A005500,"29,999,997,000",-,2022년 08월 30일,2022년 08월 30일,연구 개발 역량 강화를 위한 전략적 제휴,시장을 통한 매도(주)
380,2022-08-31,A053210,"59,786,000",-,2022.09.01,2022.09.19,임직원 주식 교부,시장을 통한 매도(주)
381,2022-09-05,A004490,"457,632,000",-,2022년 09월 07일,2022년 09월 08일,창립 70주년 기념임직원 자사주 지급 ,시장을 통한 매도(주)
382,2022-09-07,A012330,"300,304,781,000",-,2022년 09월 08일,2022년 09월 08일,사업 제휴 강화를 위한 전략적 파트너십 관계 구축,시장을 통한 매도(주)
383,2022-09-07,A005380,"445,613,583,000",-,2022년 09월 08일,2022년 09월 08일,사업 제휴 강화를 위한 전략적 파트너십 관계 구축,시장을 통한 매도(주)
384,2022-09-07,A030200,"745,918,093,900",-,2022.09.08,2022.09.14,사업 제휴 강화를 위한 전략적 파트너십 관계 구축,시장을 통한 매도(주)
385,2022-09-15,A035720,"23,903,100 ",-,2022년 09월 16일,2022년 12월 15일,임직원에 대한 상여금 지급 ,시장을 통한 매도(주)
386,2022-09-20,A003090,"19,544,000",-,2022년 09월 20일,2022년 09월 21일,주식매수선택권 행사에 따른 자기주식 교부,시장을 통한 매도(주)
387,2022-09-21,A102260,"102,612,545",-,2022년 09월 22일,2022년 09월 30일,종업원에 대한 상여금 지급(장기근속자 포상),시장을 통한 매도(주)
388,2022-09-21,A194370,"1,120,000,000",-,2022년 09월 21일,2022년 09월 21일,주식매수선택권 행사에 따른 자기주식 교부,시장을 통한 매도(주)
389,2022-09-28,A096770,"84,335,010,000",-,2022.10.13,2022.10.13,SK이노베이션 및 각 자회사임직원에 대한 주식지급,시장을 통한 매도(주)
390,2022-10-05,A012330,"35,563,968,000",-,2022년 10월 06일,2023년 01월 04일,2022년 단체교섭에 따른 회사주식 지급,시장을 통한 매도(주)
391,2022-10-13,A035720,"49,850 ",-,2022년 10월 14일,2023년 01월 13일,임직원에 대한 상여금 지급 ,시장을 통한 매도(주)
392,2022-10-24,A005380,"213,342,500,000",-,2022년 10월 31일,2022년 10월 31일,2022년 단체교섭에 따른 회사주식 지급,시장을 통한 매도(주)
393,2022-10-24,A000270,"112,199,793,300",-,2022년 11월 18일,2022년 11월 18일,2022년 임금협상에 따른 회사주식 지급,시장을 통한 매도(주)
394,2022-10-28,A011210,"5,419,161,000",-,2022년 12월 01일,2022년 12월 31일,'22년 임금협상에 따른 회사주식의 직원 지급,시장을 통한 매도(주)
395,2022-10-31,A002790,"3,489,750",-,2022.11.07,2022.11.07,직원에 대한 상여금 등으로 자기주식을 지급,시장을 통한 매도(주)
396,2022-10-31,A090430,"167,994,000",-,2022.11.07,2022.11.07,직원에 대한 상여금으로 자기주식을 지급,시장을 통한 매도(주)
397,2022-11-10,A035720,"2,171,996,900 ",-,2022년 11월 11일,2023년 01월 10일,임직원에 대한 상여금 지급 ,시장을 통한 매도(주)
398,2022-11-11,A053690,"29,957,900,000",-,2022년 11월 14일,2022년 12월 09일,글로벌사업 및 사업다각화를 위한자금확보,시장을 통한 매도(주)
399,2022-11-11,A002900,"567,500,000",-,2022년 11월 15일,2022년 11월 15일,임원 대상 상여금 지급,시장을 통한 매도(주)
400,2022-11-14,A000700,"5,450,630,940",-,2022년 11월 15일,2022년 11월 22일,근로자 생활안정 및 복지증진을 위한 사내근로복지기금 출연,시장을 통한 매도(주)
401,2022-11-23,A051910,"252,492,423,000",-,2022년 11월 24일,2023년 02월 23일,2차 전지소재 사업 제휴 강화를 위한 전략적 파트너십 관계 구축,시장을 통한 매도(주)
402,2022-11-23,A000880,"                 156,839,563,000 ",-,2022년 11월 24일,2022년 11월 28일,사업 제휴 강화를 위한전략적 파트너쉽 관계 구축,시장을 통한 매도(주)
403,2022-11-23,A010130,"786,810,080,000",-,2022년 11월 24일,2022년 11월 28일,사업 제휴 강화를 위한 전략적 파트너십 관계 구축 및 중장기 사업계획 추진을 위한 투자자금 확보,시장을 통한 매도(주)
404,2022-11-28,A004080,"37,377,900",-,2022년 11월 29일,2022년 12월 05일,종업원에 대한 상여금 지급,시장을 통한 매도(주)
405,2022-11-29,A008870,"532,665,000",-,2022년 11월 30일,2022년 12월 09일,자기주식 처분을 통한 유동성 확대,시장을 통한 매도(주)
406,2022-12-12,A003540,"7,306,166,250",-,2022년 12월 29일,2022년 12월 29일,임직원 성과급 이연지급,시장을 통한 매도(주)
407,2022-12-12,A023450,"47,372,400",-,2022.12.12,2023.03.11,우리사주조합에 매각,시장을 통한 매도(주)
408,2022-12-14,A002840,"2,535,000,000",-,2022년 12월 15일,2022년 12월 15일,우리사주조합 무상출연,시장을 통한 매도(주)
409,2022-12-15,A035720,"607,838,500",-,2022년 12월 16일,2023년 03월 15일,임직원에 대한 상여금 지급 ,시장을 통한 매도(주)
410,2022-12-15,A107590,"33,600,000",-,2022년 12월 16일,2022년 12월 16일,우리사주조합 무상출연,시장을 통한 매도(주)
411,2022-12-15,A134380,"312,083,200",-,2022년 12월 16일,-,우리사주조합에 매각,시장을 통한 매도(주)
412,2022-12-16,A268280,"157,000,000",-,2022년 12월 20일,2022년 12월 20일,우리사주조합에 매각,시장을 통한 매도(주)
413,2022-12-16,A053210,"5,977,200",-,2022년 12월 19일,2022년 12월 30일,임직원 주식 교부,시장을 통한 매도(주)
414,2022-12-23,A013700,"1,684,200,000",-,2022년 12월 26일,2022년 12월 27일,재무 안정성 개선,시장을 통한 매도(주)
415,2022-12-26,A004490,"678,798,000",-,2022년 12월 28일,2022년 12월 29일,임직원에 대한 성과급 지급,시장을 통한 매도(주)
416,2022-12-27,A004360,"234,002,000",-,2022년 12월 27일,2022년 12월 28일,임직원에 대한 상여금 지급,시장을 통한 매도(주)
417,2022-12-28,A004080,"54,012,500",-,2022년 12월 29일,2023년 01월 06일,종업원에 대한 상여금 지급,시장을 통한 매도(주)
418,2022-12-30,A001570,"1,912,000,000",-,2022년 12월 30일,2022년 12월 30일,임원 제한조건부 가상주식(RSU) 지급,시장을 통한 매도(주)
